,GName,Time,Remarks,LastRun,LastModifiedFile
0,group41_s1_22,0.0,Pass,11:13AM Oct 28,11:58PM Oct 27
11,group20_s1_22,0.0,Pass,11:14AM Oct 28,10:51PM Oct 27
10,group34_s1_22,0.0,Pass,11:15AM Oct 28, 9:37PM Oct 27
9,group11_s1_22,0.0,Pass,11:15AM Oct 28,11:42PM Oct 27
8,group35_s1_22,0.0,Pass,11:15AM Oct 28,11:22AM Oct 27
7,group10_s1_22,0.0,Pass,11:13AM Oct 28, 1:17AM Oct 28
12,group52_s1_22,0.0,Pass,11:14AM Oct 28, 3:32PM Oct 27
5,group30_s1_22,0.0,Pass,11:13AM Oct 28, 3:08PM Oct 27
4,group18_s1_22,0.0,Pass,11:14AM Oct 28, 7:58PM Oct 27
3,group43_s1_22,0.0,Pass,11:14AM Oct 28,10:52PM Oct 27
2,group53_s1_22,0.0,Pass,11:15AM Oct 28,10:48AM Oct 26
1,group37_s1_22,0.0,Pass,11:15AM Oct 28, 7:22PM Oct 25
6,group3_s1_22,0.0,Pass,11:15AM Oct 28, 4:39PM Oct 27
13,group39_s1_22,0.01,Pass,11:14AM Oct 28, 4:18PM Oct 27
14,group25_s1_22,0.01,Pass,11:13AM Oct 28,11:11PM Oct 27
15,group42_s1_22,0.01,Pass,11:13AM Oct 28, 5:25PM Oct 27
16,group26_s1_22,0.02,Pass,11:15AM Oct 28,11:51PM Oct 27
17,group9_s1_22,0.03,Pass,11:13AM Oct 28,11:15PM Oct 27
18,group48_s1_22,0.03,Pass,11:14AM Oct 28, 5:01PM Oct 27
19,group16_s1_22,0.03,Pass,11:12AM Oct 28,10:10AM Oct 28
20,group7_s1_22,0.03,Pass,11:13AM Oct 28,11:45PM Oct 27
21,group31_s1_22,0.06,Pass,11:14AM Oct 28,11:55PM Oct 27
22,group8_s1_22,0.09,Pass,11:14AM Oct 28,11:59AM Oct 27
23,group54_s1_22,0.09,Pass,11:15AM Oct 28,10:31AM Oct 28
24,group2_s1_22,0.15,Pass,11:14AM Oct 28,10:40PM Oct 26
25,group51_s1_22,0.15000000000000002,Pass,11:15AM Oct 28, 7:03PM Oct 27
58,group5_s1_22,0.16,Pass,11:15AM Oct 28,11:02PM Oct 27
26,group45_s1_22,0.17,Pass,11:13AM Oct 28, 2:32PM Oct 27
27,group17_s1_22,0.18,Pass,11:13AM Oct 28, 3:08AM Oct 28
28,group13_s1_22,0.21,Pass,11:15AM Oct 28,10:47PM Oct 27
29,group12_s1_22,0.29,Pass,11:15AM Oct 28,11:34PM Oct 27
30,group4_s1_22,0.29000000000000004,Pass,11:13AM Oct 28,12:16AM Oct 28
31,group19_s1_22,0.41000000000000003,Pass,11:13AM Oct 28, 9:23AM Oct 27
32,group24_s1_22,54.93,Pass,11:14AM Oct 28,11:06PM Oct 27
43,group44_s1_22,5000.0,Process timeout,11:15AM Oct 28, 3:39AM Oct 28
41,group6_s1_22,5000.0,Process timeout,11:14AM Oct 28, 6:53AM Oct 27
40,group59_s1_22,5000.0,Process timeout,11:13AM Oct 28,11:25AM Oct 18
39,group23_s1_22,5000.0,Process timeout,11:14AM Oct 28,12:35AM Oct 28
42,group15_s1_22,5000.0,Process timeout,11:13AM Oct 28,10:54AM Oct 28
37,group22_s1_22,5000.0,Process timeout,11:13AM Oct 28, 9:36PM Oct 27
36,group40_s1_22,5000.0,Process timeout,11:15AM Oct 28,11:42PM Oct 27
35,group14_s1_22,5000.0,Process timeout,11:13AM Oct 28,11:20PM Oct 27
34,group57_s1_22,5000.0,Process timeout,11:13AM Oct 28,11:47PM Oct 27
33,group27_s1_22,5000.0,Process timeout,11:15AM Oct 28, 6:04PM Oct 27
38,group55_s1_22,5000.0,Process timeout,11:13AM Oct 28,12:51AM Oct 28
56,group36_s1_22,9999999.0,Compile Error or Wrong File Name or File Not Found,11:14AM Oct 28,
55,group32_s1_22,9999999.0,Compile Error or Wrong File Name or File Not Found,11:15AM Oct 28,
54,group21_s1_22,9999999.0,Compile Error or Wrong File Name or File Not Found,11:13AM Oct 28,
53,group47_s1_22,9999999.0,Compile Error or Wrong File Name or File Not Found,11:15AM Oct 28,
52,group33_s1_22,9999999.0,Compile Error or Wrong File Name or File Not Found,11:15AM Oct 28,
51,group29_s1_22,9999999.0,Compile Error or Wrong File Name or File Not Found,11:15AM Oct 28,
48,group46_s1_22,9999999.0,Compile Error or Wrong File Name or File Not Found,11:14AM Oct 28,
49,group49_s1_22,9999999.0,Compile Error or Wrong File Name or File Not Found,11:15AM Oct 28,
47,group38_s1_22,9999999.0,Compile Error or Wrong File Name or File Not Found,11:13AM Oct 28,
46,group58_s1_22,9999999.0,Compile Error or Wrong File Name or File Not Found,11:15AM Oct 28,
45,group1_s1_22,9999999.0,Compile Error or Wrong File Name or File Not Found,11:15AM Oct 28,
57,group50_s1_22,9999999.0,Compile Error or Wrong File Name or File Not Found,11:14AM Oct 28,
50,group56_s1_22,9999999.0,Compile Error or Wrong File Name or File Not Found,11:13AM Oct 28,
44,group28_s1_22,9999999.0,Compile Error or Wrong File Name or File Not Found,11:13AM Oct 28,
